{
  "experiment": "detection",
  "backend": "ibm_fez",
  "job_id": "d866g0h789is738v9am0",
  "wall_seconds": 45.78221106529236,
  "shots_per_circuit": 7439,
  "delta": 0.5,
  "eps": 0.1,
  "eta": 0.05,
  "x_i": [
    0.4,
    1.2
  ],
  "x_j": [
    1.1,
    0.3
  ],
  "fingerprint_honest": {
    "IX": 0.42008334453555585,
    "IY": 0.06654120177443204,
    "IZ": 0.5456378545503427,
    "XI": -0.1318725635166017,
    "YI": -0.2326925662051351,
    "ZI": 0.564188735045033,
    "ZZ": 0.5588116682349779
  },
  "fingerprint_sneaky": {
    "IX": -0.07648877537303402,
    "IY": 0.40556526414840705,
    "IZ": 0.5571985481919612,
    "XI": 0.22032531254200832,
    "YI": -0.13456109692162926,
    "ZI": 0.576287135367657,
    "ZZ": 0.5668772684500605
  },
  "weak_family": [
    "ZZ"
  ],
  "complete_family": [
    "XI",
    "YI",
    "ZI",
    "IX",
    "IY",
    "IZ"
  ],
  "summary_weak": {
    "n_rounds": 1,
    "n_violations": 0,
    "n_drift_events": 1,
    "worst_deviation": 0.008065600215082624,
    "worst_pauli": "ZZ",
    "epsilon": 0.1,
    "head_hash": "fedca9507b3de5fba9c41c8b2f24c394bf3fba5b734d7e681e3c643e24074173",
    "halted": false
  },
  "summary_complete": {
    "n_rounds": 6,
    "n_violations": 3,
    "n_drift_events": 3,
    "worst_deviation": 0.49657211990858985,
    "worst_pauli": "IX",
    "epsilon": 0.1,
    "head_hash": "df4e193e8c18af7e33e795790c5b2ba4a716d1ef3348b5d1b875d3924bd931f9",
    "halted": true
  },
  "audit_log_weak": [
    {
      "round_idx": 0,
      "pauli": "ZZ",
      "measured": 0.5668772684500605,
      "reference": 0.5588116682349779,
      "deviation": 0.008065600215082624,
      "epsilon": 0.1,
      "kind": "within_tolerance",
      "prev_hash": "0000000000000000000000000000000000000000000000000000000000000000",
      "hash": "fedca9507b3de5fba9c41c8b2f24c394bf3fba5b734d7e681e3c643e24074173",
      "unix_time": 1779198001.4882271
    }
  ],
  "audit_log_complete": [
    {
      "round_idx": 0,
      "pauli": "ZI",
      "measured": 0.576287135367657,
      "reference": 0.564188735045033,
      "deviation": 0.012098400322623992,
      "epsilon": 0.1,
      "kind": "within_tolerance",
      "prev_hash": "0000000000000000000000000000000000000000000000000000000000000000",
      "hash": "e099bd33db66649c30714238e54f295677273341432e4e4cecdff976f0bb0b35",
      "unix_time": 1779198001.4882271
    },
    {
      "round_idx": 1,
      "pauli": "IX",
      "measured": -0.07648877537303402,
      "reference": 0.42008334453555585,
      "deviation": 0.49657211990858985,
      "epsilon": 0.1,
      "kind": "beyond_tolerance",
      "prev_hash": "e099bd33db66649c30714238e54f295677273341432e4e4cecdff976f0bb0b35",
      "hash": "4d4ad4e86ac6042012023e1c600ebdd66f0023f90db668a7d1170ae5209e162a",
      "unix_time": 1779198001.4882271
    },
    {
      "round_idx": 2,
      "pauli": "IZ",
      "measured": 0.5571985481919612,
      "reference": 0.5456378545503427,
      "deviation": 0.011560693641618491,
      "epsilon": 0.1,
      "kind": "within_tolerance",
      "prev_hash": "4d4ad4e86ac6042012023e1c600ebdd66f0023f90db668a7d1170ae5209e162a",
      "hash": "c5e02b47bd03af223035500c16f4851f833ab9d637032a7d0e30918351d4ce26",
      "unix_time": 1779198001.4882271
    },
    {
      "round_idx": 3,
      "pauli": "XI",
      "measured": 0.22032531254200832,
      "reference": -0.1318725635166017,
      "deviation": 0.35219787605861,
      "epsilon": 0.1,
      "kind": "beyond_tolerance",
      "prev_hash": "c5e02b47bd03af223035500c16f4851f833ab9d637032a7d0e30918351d4ce26",
      "hash": "1dfb5009acbc8f4e4849fba998c8ec7dafa50c89833d93b8f4f9dc2e8041d39a",
      "unix_time": 1779198001.4882271
    },
    {
      "round_idx": 4,
      "pauli": "IY",
      "measured": 0.40556526414840705,
      "reference": 0.06654120177443204,
      "deviation": 0.339024062373975,
      "epsilon": 0.1,
      "kind": "beyond_tolerance",
      "prev_hash": "1dfb5009acbc8f4e4849fba998c8ec7dafa50c89833d93b8f4f9dc2e8041d39a",
      "hash": "59b3f1cb6ba056384fd532f9c0d263afcd8bc1edf82b74147b6ca4896c0ab053",
      "unix_time": 1779198001.4882271
    },
    {
      "round_idx": 5,
      "pauli": "YI",
      "measured": -0.13456109692162926,
      "reference": -0.2326925662051351,
      "deviation": 0.09813146928350583,
      "epsilon": 0.1,
      "kind": "within_tolerance",
      "prev_hash": "59b3f1cb6ba056384fd532f9c0d263afcd8bc1edf82b74147b6ca4896c0ab053",
      "hash": "df4e193e8c18af7e33e795790c5b2ba4a716d1ef3348b5d1b875d3924bd931f9",
      "unix_time": 1779198001.4882271
    }
  ],
  "raw_counts": {
    "honest::IX": {
      "0": 5282,
      "1": 2157
    },
    "honest::IY": {
      "1": 3472,
      "0": 3967
    },
    "honest::IZ": {
      "0": 5749,
      "1": 1690
    },
    "honest::XI": {
      "0": 3229,
      "1": 4210
    },
    "honest::YI": {
      "1": 4585,
      "0": 2854
    },
    "honest::ZI": {
      "0": 5818,
      "1": 1621
    },
    "honest::ZZ": {
      "10": 808,
      "01": 833,
      "11": 885,
      "00": 4913
    },
    "sneaky::IX": {
      "1": 4004,
      "0": 3435
    },
    "sneaky::IY": {
      "1": 2211,
      "0": 5228
    },
    "sneaky::IZ": {
      "0": 5792,
      "1": 1647
    },
    "sneaky::XI": {
      "0": 4539,
      "1": 2900
    },
    "sneaky::YI": {
      "1": 4220,
      "0": 3219
    },
    "sneaky::ZI": {
      "1": 1576,
      "0": 5863
    },
    "sneaky::ZZ": {
      "01": 784,
      "00": 4953,
      "10": 827,
      "11": 875
    }
  }
}