{
  "experiment": "drift_observation",
  "backend": "ibm_fez",
  "job_id": "d884pu2s46sc73f8vn0g",
  "wall_seconds": 30.534823417663574,
  "shots_per_circuit": 2280,
  "n_timepoints": 3,
  "delta_adv_min": 0.5,
  "eps_input": 0.15,
  "C": 1.7320508075688772,
  "x_i": [
    0.4,
    1.2
  ],
  "x_j": [
    1.1,
    0.3
  ],
  "fingerprints": [
    {
      "XI": 0.12631578947368421,
      "YI": -0.5,
      "ZI": 0.37719298245614036,
      "IX": 0.5754385964912281,
      "IY": -0.07543859649122807,
      "IZ": 0.443859649122807
    },
    {
      "XI": 0.11491228070175438,
      "YI": -0.47982456140350876,
      "ZI": 0.35964912280701755,
      "IX": 0.5087719298245614,
      "IY": -0.06929824561403508,
      "IZ": 0.4631578947368421
    },
    {
      "XI": 0.12894736842105264,
      "YI": -0.43333333333333335,
      "ZI": 0.3675438596491228,
      "IX": 0.5087719298245614,
      "IY": -0.05526315789473684,
      "IZ": 0.45964912280701753
    }
  ],
  "pairwise_deviations": {
    "t0_t1": 0.06666666666666665,
    "t0_t2": 0.06666666666666665,
    "t1_t2": 0.04649122807017542
  },
  "d_drift_typ": 0.06666666666666665,
  "tolerance_interval": [
    0.06666666666666665,
    0.2886751345948129
  ],
  "interval_non_empty": true,
  "recommended_eps": 0.1776709006307398,
  "raw_counts": {
    "t0::XI": {
      "0": 1284,
      "1": 996
    },
    "t0::YI": {
      "1": 1710,
      "0": 570
    },
    "t0::ZI": {
      "0": 1570,
      "1": 710
    },
    "t0::IX": {
      "0": 1796,
      "1": 484
    },
    "t0::IY": {
      "0": 1054,
      "1": 1226
    },
    "t0::IZ": {
      "1": 634,
      "0": 1646
    },
    "t1::XI": {
      "1": 1009,
      "0": 1271
    },
    "t1::YI": {
      "1": 1687,
      "0": 593
    },
    "t1::ZI": {
      "0": 1550,
      "1": 730
    },
    "t1::IX": {
      "0": 1720,
      "1": 560
    },
    "t1::IY": {
      "0": 1061,
      "1": 1219
    },
    "t1::IZ": {
      "0": 1668,
      "1": 612
    },
    "t2::XI": {
      "0": 1287,
      "1": 993
    },
    "t2::YI": {
      "0": 646,
      "1": 1634
    },
    "t2::ZI": {
      "0": 1559,
      "1": 721
    },
    "t2::IX": {
      "1": 560,
      "0": 1720
    },
    "t2::IY": {
      "1": 1203,
      "0": 1077
    },
    "t2::IZ": {
      "0": 1664,
      "1": 616
    }
  }
}