{
  "experiment": "drift_observation",
  "backend": "ibm_fez",
  "job_id": "d866guh789is738v9c60",
  "wall_seconds": 45.77102994918823,
  "shots_per_circuit": 7439,
  "n_timepoints": 3,
  "delta_adv_min": 0.5,
  "eps_input": 0.1,
  "C": 2.8284271247461903,
  "x_i": [
    0.4,
    1.2
  ],
  "x_j": [
    1.1,
    0.3
  ],
  "fingerprints": [
    {
      "XI": 0.1531119774163194,
      "YI": -0.5494018013173814,
      "ZI": 0.40260787740287673,
      "IX": 0.5289689474391719,
      "IY": -0.10068557601828203,
      "IZ": 0.46605726576152706
    },
    {
      "XI": 0.12649549670654658,
      "YI": -0.5313886275036968,
      "ZI": 0.3993816373168437,
      "IX": 0.5249361473316306,
      "IY": -0.10176098938029306,
      "IZ": 0.4733163059551015
    },
    {
      "XI": 0.14450867052023122,
      "YI": -0.5166016937760451,
      "ZI": 0.39024062373975,
      "IX": 0.5475198279338621,
      "IY": -0.0880494690146525,
      "IZ": 0.4829950262132007
    }
  ],
  "pairwise_deviations": {
    "t0_t1": 0.026616480709772822,
    "t0_t2": 0.03280010754133622,
    "t1_t2": 0.022583680602231482
  },
  "d_drift_typ": 0.03280010754133622,
  "tolerance_interval": [
    0.03280010754133622,
    0.17677669529663687
  ],
  "interval_non_empty": true,
  "recommended_eps": 0.10478840141898654,
  "raw_counts": {
    "t0::XI": {
      "0": 4289,
      "1": 3150
    },
    "t0::YI": {
      "1": 5763,
      "0": 1676
    },
    "t0::ZI": {
      "0": 5217,
      "1": 2222
    },
    "t0::IX": {
      "0": 5687,
      "1": 1752
    },
    "t0::IY": {
      "1": 4094,
      "0": 3345
    },
    "t0::IZ": {
      "0": 5453,
      "1": 1986
    },
    "t1::XI": {
      "1": 3249,
      "0": 4190
    },
    "t1::YI": {
      "1": 5696,
      "0": 1743
    },
    "t1::ZI": {
      "1": 2234,
      "0": 5205
    },
    "t1::IX": {
      "0": 5672,
      "1": 1767
    },
    "t1::IY": {
      "0": 3341,
      "1": 4098
    },
    "t1::IZ": {
      "0": 5480,
      "1": 1959
    },
    "t2::XI": {
      "0": 4257,
      "1": 3182
    },
    "t2::YI": {
      "1": 5641,
      "0": 1798
    },
    "t2::ZI": {
      "1": 2268,
      "0": 5171
    },
    "t2::IX": {
      "0": 5756,
      "1": 1683
    },
    "t2::IY": {
      "0": 3392,
      "1": 4047
    },
    "t2::IZ": {
      "0": 5516,
      "1": 1923
    }
  }
}